{
    "single": 159.4099659125318,
    "batch": 9878.311508651752
}