{
    "single": 334.6921936749037,
    "batch": 17443.027524133802
}