{
    "single": 325.34693206660455,
    "batch": 17437.7321848269
}