{"single": 710.1990157158665, "batch": 43083.90171747884}