{"single": 137.60815064146047, "batch": 9712.386911226326}