{
    "single": 341.3888145721599,
    "batch": 18581.174532186164
}