{"single": 737.9446546435329, "batch": 47975.47640290074}