{"single": 175.14258011336256, "batch": 13451.257957442715}