{
    "single": 335.963198916409,
    "batch": 18090.660159446787
}