{
    "single": 350.36984144115365,
    "batch": 18673.994914131672
}