{
    "single": 173.4275419610273,
    "batch": 11006.636410494793
}