{
    "single": 152.4172998030856,
    "batch": 9805.425275404006
}