{
    "single": 329.78433321874803,
    "batch": 18104.6441650682
}