{
  "single": 522.309565149735,
  "batch": 89965.71856472173
}